0.951021691379629,1.0
 
[0.35       0.22923309],[0.75       0.26048306],[0.6640625 0.4139987]
[0.34999987 0.22923294],[0.74999987 0.2604829 ],[0.66406235 0.41399853]
[0.34999948 0.2292325 ],[0.74999946 0.26048242],[0.6640619  0.41399803]
[0.34999884 0.22923177],[0.74999879 0.26048162],[0.66406114 0.41399719]
[0.34999794 0.22923074],[0.74999785 0.26048051],[0.66406008 0.41399601]
[0.34999678 0.22922942],[0.74999665 0.26047907],[0.66405872 0.4139945 ]
[0.34999536 0.2292278 ],[0.74999517 0.26047732],[0.66405706 0.41399266]
[0.34999369 0.22922589],[0.74999343 0.26047524],[0.6640551  0.41399048]
[0.34999176 0.22922369],[0.74999141 0.26047285],[0.66405283 0.41398796]
[0.34998957 0.22922119],[0.74998913 0.26047014],[0.66405026 0.41398511]
[0.34998712 0.2292184 ],[0.74998658 0.26046711],[0.66404739 0.41398192]
[0.34998442 0.22921531],[0.74998377 0.26046376],[0.66404422 0.41397839]
[0.34998146 0.22921193],[0.74998068 0.26046009],[0.66404074 0.41397453]
[0.34997824 0.22920826],[0.74997732 0.2604561 ],[0.66403696 0.41397034]
[0.34997476 0.22920429],[0.7499737 0.2604518],[0.66403288 0.41396581]
[0.34997103 0.22920003],[0.74996981 0.26044717],[0.6640285  0.41396094]
[0.34996704 0.22919547],[0.74996565 0.26044223],[0.66402382 0.41395574]
[0.34996279 0.22919062],[0.74996122 0.26043696],[0.66401883 0.4139502 ]
[0.34995828 0.22918548],[0.74995653 0.26043138],[0.66401354 0.41394433]
[0.34995352 0.22918004],[0.74995156 0.26042548],[0.66400795 0.41393812]
[0.34994849 0.22917431],[0.74994633 0.26041926],[0.66400206 0.41393157]
[0.34994321 0.22916829],[0.74994083 0.26041272],[0.66399587 0.41392469]
[0.34993768 0.22916197],[0.74993506 0.26040586],[0.66398937 0.41391748]
[0.34993188 0.22915535],[0.74992902 0.26039868],[0.66398257 0.41390992]
[0.34992583 0.22914845],[0.74992272 0.26039119],[0.66397547 0.41390204]
[0.34991952 0.22914125],[0.74991614 0.26038337],[0.66396806 0.41389381]
[0.34991295 0.22913375],[0.7499093  0.26037524],[0.66396036 0.41388526]
[0.34990613 0.22912597],[0.74990219 0.26036678],[0.66395235 0.41387636]
[0.34989905 0.22911788],[0.74989481 0.26035801],[0.66394404 0.41386713]
[0.34989171 0.22910951],[0.74988716 0.26034892],[0.66393543 0.41385757]
[0.34988411 0.22910084],[0.74987925 0.26033951],[0.66392651 0.41384766]
[0.34987626 0.22909187],[0.74987106 0.26032978],[0.6639173  0.41383743]
[0.34986814 0.22908262],[0.74986261 0.26031973],[0.66390778 0.41382686]
[0.34985978 0.22907306],[0.74985389 0.26030936],[0.66389796 0.41381595]
[0.34985115 0.22906322],[0.7498449  0.26029868],[0.66388783 0.4138047 ]
[0.34984226 0.22905308],[0.74983564 0.26028767],[0.66387741 0.41379313]
[0.34983312 0.22904265],[0.74982612 0.26027635],[0.66386668 0.41378121]
[0.34982372 0.22903192],[0.74981632 0.2602647 ],[0.66385565 0.41376896]
[0.34981406 0.2290209 ],[0.74980626 0.26025274],[0.66384432 0.41375637]
[0.34980415 0.22900958],[0.74979593 0.26024046],[0.66383269 0.41374345]
[0.34979398 0.22899798],[0.74978533 0.26022786],[0.66382075 0.4137302 ]
[0.34978355 0.22898607],[0.74977446 0.26021494],[0.66380851 0.4137166 ]
[0.34977286 0.22897388],[0.74976333 0.2602017 ],[0.66379597 0.41370267]
[0.34976191 0.22896139],[0.74975192 0.26018815],[0.66378313 0.41368841]
[0.34975071 0.2289486 ],[0.74974025 0.26017427],[0.66376999 0.41367381]
[0.34973925 0.22893553],[0.74972831 0.26016007],[0.66375654 0.41365888]
[0.34972753 0.22892215],[0.7497161  0.26014556],[0.66374279 0.41364361]
[0.34971556 0.22890849],[0.74970363 0.26013073],[0.66372874 0.413628  ]
[0.34970333 0.22889453],[0.74969088 0.26011558],[0.66371439 0.41361206]
[0.34969084 0.22888028],[0.74967787 0.2601001 ],[0.66369973 0.41359578]
[0.34967809 0.22886573],[0.74966459 0.26008432],[0.66368478 0.41357917]
[0.34966508 0.22885089],[0.74965104 0.26006821],[0.66366952 0.41356222]
[0.34965182 0.22883575],[0.74963722 0.26005178],[0.66365396 0.41354494]
[0.3496383  0.22882032],[0.74962313 0.26003503],[0.66363809 0.41352732]
[0.34962452 0.2288046 ],[0.74960878 0.26001797],[0.66362193 0.41350936]
[0.34961049 0.22878859],[0.74959416 0.26000058],[0.66360546 0.41349107]
[0.3495962  0.22877227],[0.74957926 0.25998288],[0.66358869 0.41347244]
[0.34958165 0.22875567],[0.74956411 0.25996486],[0.66357162 0.41345348]
[0.34956684 0.22873877],[0.74954868 0.25994652],[0.66355425 0.41343419]
[0.34955177 0.22872158],[0.74953298 0.25992786],[0.66353657 0.41341455]
[0.34953645 0.2287041 ],[0.74951702 0.25990888],[0.66351859 0.41339459]
[0.34952087 0.22868632],[0.74950079 0.25988958],[0.66350031 0.41337428]
[0.34950503 0.22866824],[0.74948429 0.25986996],[0.66348173 0.41335364]
[0.34948894 0.22864988],[0.74946752 0.25985003],[0.66346285 0.41333267]
[0.34947258 0.22863122],[0.74945048 0.25982977],[0.66344366 0.41331136]
[0.34945597 0.22861226],[0.74943318 0.2598092 ],[0.66342417 0.41328971]
[0.34943911 0.22859301],[0.7494156  0.25978831],[0.66340438 0.41326773]
[0.34942198 0.22857347],[0.74939776 0.2597671 ],[0.66338429 0.41324541]
[0.3494046  0.22855363],[0.74937965 0.25974557],[0.6633639  0.41322276]
[0.34938696 0.2285335 ],[0.74936128 0.25972372],[0.6633432  0.41319977]
[0.34936906 0.22851308],[0.74934263 0.25970155],[0.66332221 0.41317645]
[0.34935091 0.22849236],[0.74932372 0.25967906],[0.66330091 0.41315279]
[0.34933249 0.22847135],[0.74930454 0.25965626],[0.66327931 0.4131288 ]
[0.34931382 0.22845005],[0.74928509 0.25963313],[0.6632574  0.41310447]
[0.34929489 0.22842845],[0.74926537 0.25960969],[0.6632352 0.4130798]
[0.34927571 0.22840655],[0.74924538 0.25958593],[0.66321269 0.4130548 ]
[0.34925627 0.22838437],[0.74922513 0.25956185],[0.66318988 0.41302947]
[0.34923657 0.22836189],[0.74920461 0.25953745],[0.66316677 0.41300379]
[0.34921661 0.22833911],[0.74918382 0.25951273],[0.66314336 0.41297779]
[0.34919639 0.22831605],[0.74916276 0.25948769],[0.66311964 0.41295144]
[0.34917592 0.22829268],[0.74914143 0.25946234],[0.66309562 0.41292477]
[0.34915519 0.22826903],[0.74911984 0.25943666],[0.66307131 0.41289775]
[0.3491342  0.22824508],[0.74909797 0.25941067],[0.66304668 0.4128704 ]
[0.34911296 0.22822084],[0.74907584 0.25938436],[0.66302176 0.41284272]
[0.34909145 0.2281963 ],[0.74905344 0.25935773],[0.66299654 0.4128147 ]
[0.34906969 0.22817147],[0.74903078 0.25933078],[0.66297101 0.41278635]
[0.34904768 0.22814635],[0.74900784 0.25930351],[0.66294518 0.41275766]
[0.3490254  0.22812093],[0.74898464 0.25927592],[0.66291905 0.41272863]
[0.34900287 0.22809522],[0.74896117 0.25924801],[0.66289262 0.41269927]
[0.34898008 0.22806921],[0.74893743 0.25921979],[0.66286589 0.41266957]
[0.34895703 0.22804291],[0.74891342 0.25919125],[0.66283885 0.41263954]
[0.34893373 0.22801632],[0.74888915 0.25916238],[0.66281152 0.41260917]
[0.34891016 0.22798943],[0.7488646 0.2591332],[0.66278388 0.41257847]
[0.34888634 0.22796225],[0.74883979 0.2591037 ],[0.66275594 0.41254743]
[0.34886227 0.22793478],[0.74881471 0.25907388],[0.66272769 0.41251606]
[0.34883793 0.22790701],[0.74878937 0.25904375],[0.66269915 0.41248435]
[0.34881334 0.22787895],[0.74876375 0.25901329],[0.6626703  0.41245231]
[0.34878849 0.22785059],[0.74873787 0.25898252],[0.66264115 0.41241993]
[0.34876338 0.22782194],[0.74871172 0.25895142],[0.6626117  0.41238721]
[0.34873802 0.227793  ],[0.7486853  0.25892001],[0.66258195 0.41235416]
[0.34871239 0.22776376],[0.74865861 0.25888828],[0.6625519  0.41232078]
[0.34868651 0.22773423],[0.74863166 0.25885623],[0.66252154 0.41228706]
[0.34866038 0.22770441],[0.74860443 0.25882386],[0.66249089 0.412253  ]
[0.34863398 0.22767429],[0.74857694 0.25879117],[0.66245993 0.41221861]
[0.34860733 0.22764388],[0.74854919 0.25875817],[0.66242867 0.41218388]
[0.34858042 0.22761318],[0.74852116 0.25872484],[0.66239711 0.41214882]
[0.34855325 0.22758218],[0.74849287 0.2586912 ],[0.66236524 0.41211342]
[0.34852583 0.22755089],[0.7484643  0.25865724],[0.66233308 0.41207769]
[0.34849814 0.2275193 ],[0.74843547 0.25862296],[0.66230061 0.41204162]
[0.3484702  0.22748742],[0.74840638 0.25858836],[0.66226784 0.41200522]
[0.34844201 0.22745525],[0.74837701 0.25855344],[0.66223477 0.41196848]
[0.34841355 0.22742278],[0.74834738 0.25851821],[0.6622014  0.41193141]
[0.34838484 0.22739002],[0.74831748 0.25848265],[0.66216773 0.411894  ]
[0.34835587 0.22735697],[0.74828731 0.25844678],[0.66213375 0.41185626]
[0.34832664 0.22732362],[0.74825687 0.25841059],[0.66209948 0.41181818]
[0.34829716 0.22728998],[0.74822616 0.25837408],[0.6620649  0.41177976]
[0.34826742 0.22725604],[0.74819519 0.25833725],[0.66203002 0.41174101]
[0.34823742 0.22722181],[0.74816395 0.2583001 ],[0.66199484 0.41170193]
[0.34820716 0.22718729],[0.74813244 0.25826263],[0.66195936 0.41166251]
[0.34817665 0.22715247],[0.74810067 0.25822485],[0.66192357 0.41162275]
[0.34814588 0.22711736],[0.74806862 0.25818674],[0.66188749 0.41158266]
[0.34811485 0.22708196],[0.74803631 0.25814832],[0.6618511  0.41154224]
[0.34808356 0.22704626],[0.74800373 0.25810958],[0.66181441 0.41150148]
[0.34805202 0.22701027],[0.74797089 0.25807052],[0.66177742 0.41146038]
[0.34802021 0.22697399],[0.74793777 0.25803115],[0.66174013 0.41141895]
[0.34798816 0.22693741],[0.74790439 0.25799145],[0.66170254 0.41137718]
[0.34795584 0.22690054],[0.74787074 0.25795143],[0.66166464 0.41133508]
[0.34792326 0.22686338],[0.74783682 0.2579111 ],[0.66162645 0.41129265]
[0.34789043 0.22682592],[0.74780264 0.25787045],[0.66158795 0.41124987]
[0.34785735 0.22678817],[0.74776818 0.25782948],[0.66154915 0.41120677]
[0.347824   0.22675012],[0.74773346 0.25778819],[0.66151005 0.41116333]
[0.3477904  0.22671178],[0.74769848 0.25774659],[0.66147065 0.41111955]
[0.34775653 0.22667315],[0.74766322 0.25770466],[0.66143094 0.41107544]
[0.34772242 0.22663422],[0.7476277  0.25766242],[0.66139094 0.41103099]
[0.34768804 0.226595  ],[0.7475919  0.25761985],[0.66135063 0.41098621]
[0.34765341 0.22655549],[0.74755585 0.25757697],[0.66131003 0.41094109]
[0.34761852 0.22651568],[0.74751952 0.25753377],[0.66126912 0.41089564]
[0.34758337 0.22647558],[0.74748293 0.25749026],[0.66122791 0.41084985]
[0.34754796 0.22643519],[0.74744606 0.25744642],[0.6611864  0.41080373]
[0.3475123 0.2263945],[0.74740893 0.25740227],[0.66114458 0.41075727]
[0.34747638 0.22635352],[0.74737154 0.25735779],[0.66110247 0.41071048]
[0.3474402  0.22631225],[0.74733387 0.257313  ],[0.66106006 0.41066335]
[0.34740377 0.22627068],[0.74729594 0.25726789],[0.66101734 0.41061589]
[0.34736707 0.22622882],[0.74725774 0.25722247],[0.66097432 0.41056809]
[0.34733012 0.22618666],[0.74721928 0.25717672],[0.660931   0.41051996]
[0.34729292 0.22614421],[0.74718054 0.25713066],[0.66088738 0.4104715 ]
[0.34725545 0.22610147],[0.74714154 0.25708427],[0.66084346 0.41042269]
[0.34721773 0.22605844],[0.74710227 0.25703757],[0.66079924 0.41037356]
[0.34717975 0.22601511],[0.74706274 0.25699055],[0.66075472 0.41032408]
[0.34714151 0.22597149],[0.74702293 0.25694322],[0.66070989 0.41027428]
[0.34710302 0.22592757],[0.74698286 0.25689556],[0.66066477 0.41022414]
[0.34706427 0.22588336],[0.74694252 0.25684759],[0.66061934 0.41017366]
[0.34702526 0.22583886],[0.74690191 0.25679929],[0.66057361 0.41012285]
[0.34698599 0.22579406],[0.74686104 0.25675068],[0.66052758 0.4100717 ]
[0.34694647 0.22574897],[0.7468199  0.25670175],[0.66048125 0.41002022]
[0.34690668 0.22570359],[0.74677849 0.25665251],[0.66043462 0.4099684 ]
[0.34686665 0.22565792],[0.74673681 0.25660294],[0.66038769 0.40991625]
[0.34682635 0.22561195],[0.74669487 0.25655306],[0.66034045 0.40986377]
[0.3467858  0.22556568],[0.74665266 0.25650286],[0.66029292 0.40981095]
[0.34674498 0.22551913],[0.74661018 0.25645234],[0.66024508 0.40975779]
[0.34670392 0.22547228],[0.74656744 0.2564015 ],[0.66019695 0.4097043 ]
[0.34666259 0.22542513],[0.74652443 0.25635034],[0.66014851 0.40965048]
[0.34662101 0.2253777 ],[0.74648115 0.25629887],[0.66009977 0.40959632]
[0.34657917 0.22532997],[0.7464376  0.25624708],[0.66005073 0.40954182]
[0.34653707 0.22528195],[0.74639378 0.25619497],[0.66000139 0.40948699]
[0.34649471 0.22523363],[0.7463497  0.25614254],[0.65995175 0.40943183]
[0.3464521  0.22518502],[0.74630535 0.25608979],[0.65990181 0.40937633]
[0.34640923 0.22513612],[0.74626074 0.25603673],[0.65985156 0.4093205 ]
[0.3463661  0.22508692],[0.74621585 0.25598334],[0.65980102 0.40926433]
[0.34632272 0.22503743],[0.7461707  0.25592964],[0.65975018 0.40920782]
[0.34627908 0.22498765],[0.74612529 0.25587562],[0.65969903 0.40915099]
[0.34623518 0.22493757],[0.7460796  0.25582129],[0.65964758 0.40909381]
[0.34619102 0.2248872 ],[0.74603365 0.25576663],[0.65959584 0.40903631]
[0.34614661 0.22483654],[0.74598743 0.25571166],[0.65954379 0.40897847]
[0.34610193 0.22478558],[0.74594094 0.25565637],[0.65949144 0.40892029]
[0.34605701 0.22473433],[0.74589419 0.25560076],[0.65943879 0.40886178]
[0.34601182 0.22468279],[0.74584717 0.25554483],[0.65938584 0.40880293]
[0.34596638 0.22463095],[0.74579988 0.25548858],[0.65933259 0.40874375]
[0.34592068 0.22457883],[0.74575233 0.25543202],[0.65927903 0.40868424]
[0.34587472 0.2245264 ],[0.74570451 0.25537514],[0.65922518 0.40862439]
[0.3458285  0.22447369],[0.74565642 0.25531794],[0.65917103 0.40856421]
[0.34578203 0.22442068],[0.74560806 0.25526042],[0.65911657 0.40850369]
[0.3457353  0.22436738],[0.74555944 0.25520259],[0.65906182 0.40844283]
[0.34568831 0.22431378],[0.74551055 0.25514444],[0.65900676 0.40838165]
[0.34564107 0.22425989],[0.74546139 0.25508597],[0.65895141 0.40832012]
[0.34559356 0.22420571],[0.74541197 0.25502718],[0.65889575 0.40825827]
[0.34554581 0.22415124],[0.74536228 0.25496807],[0.65883979 0.40819608]
[0.34549779 0.22409647],[0.74531232 0.25490865],[0.65878353 0.40813355]
[0.34544951 0.22404141],[0.74526209 0.25484891],[0.65872698 0.40807069]
[0.34540098 0.22398606],[0.7452116  0.25478885],[0.65867012 0.4080075 ]
[0.34535219 0.22393041],[0.74516084 0.25472847],[0.65861296 0.40794397]
[0.34530315 0.22387447],[0.74510982 0.25466777],[0.6585555 0.4078801]
[0.34525385 0.22381824],[0.74505853 0.25460676],[0.65849774 0.40781591]
[0.34520429 0.22376171],[0.74500697 0.25454543],[0.65843967 0.40775137]
[0.34515447 0.22370489],[0.74495514 0.25448378],[0.65838131 0.40768651]
[0.34510439 0.22364778],[0.74490305 0.25442181],[0.65832265 0.40762131]
[0.34505406 0.22359037],[0.74485069 0.25435953],[0.65826369 0.40755577]
[0.34500347 0.22353267],[0.74479806 0.25429693],[0.65820442 0.4074899 ]
[0.34495262 0.22347468],[0.74474517 0.25423401],[0.65814486 0.4074237 ]
[0.34490152 0.2234164 ],[0.74469201 0.25417077],[0.658085   0.40735716]
[0.34485016 0.22335782],[0.74463858 0.25410721],[0.65802483 0.40729029]
[0.34479854 0.22329895],[0.74458489 0.25404334],[0.65796437 0.40722308]
[0.34474666 0.22323978],[0.74453093 0.25397915],[0.6579036  0.40715554]
[0.34469453 0.22318033],[0.7444767  0.25391464],[0.65784254 0.40708766]
[0.34464214 0.22312058],[0.74442221 0.25384982],[0.65778117 0.40701945]
[0.34458949 0.22306053],[0.74436745 0.25378468],[0.65771951 0.40695091]
[0.34453658 0.2230002 ],[0.74431242 0.25371921],[0.65765754 0.40688203]
[0.34448342 0.22293957],[0.74425713 0.25365344],[0.65759528 0.40681282]
[0.34443    0.22287865],[0.74420157 0.25358734],[0.65753271 0.40674327]
[0.34437633 0.22281743],[0.74414574 0.25352093],[0.65746984 0.40667339]
[0.34432239 0.22275592],[0.74408965 0.2534542 ],[0.65740668 0.40660318]
[0.3442682  0.22269412],[0.74403329 0.25338715],[0.65734321 0.40653263]
[0.34421375 0.22263203],[0.74397666 0.25331978],[0.65727944 0.40646175]
[0.34415904 0.22256964],[0.74391977 0.2532521 ],[0.65721538 0.40639053]
[0.34410408 0.22250696],[0.74386261 0.2531841 ],[0.65715101 0.40631898]
[0.34404886 0.22244399],[0.74380518 0.25311578],[0.65708634 0.40624709]
[0.34399338 0.22238073],[0.74374749 0.25304714],[0.65702137 0.40617487]
[0.34393765 0.22231717],[0.74368953 0.25297819],[0.65695611 0.40610232]
[0.34388166 0.22225332],[0.74363131 0.25290892],[0.65689054 0.40602943]
[0.34382541 0.22218917],[0.74357281 0.25283933],[0.65682467 0.40595621]
[0.3437689  0.22212474],[0.74351405 0.25276942],[0.6567585  0.40588265]
[0.34371214 0.22206001],[0.74345503 0.2526992 ],[0.65669204 0.40580876]
[0.34365511 0.22199498],[0.74339574 0.25262866],[0.65662527 0.40573454]
[0.34359784 0.22192967],[0.74333618 0.2525578 ],[0.6565582  0.40565998]
[0.3435403  0.22186406],[0.74327636 0.25248663],[0.65649083 0.40558509]
[0.34348251 0.22179816],[0.74321627 0.25241513],[0.65642317 0.40550986]
[0.34342446 0.22173197],[0.74315591 0.25234332],[0.6563552 0.4054343]
[0.34336615 0.22166548],[0.74309529 0.2522712 ],[0.65628693 0.40535841]
[0.34330759 0.2215987 ],[0.7430344  0.25219875],[0.65621837 0.40528218]
[0.34324876 0.22153163],[0.74297324 0.25212599],[0.6561495  0.40520562]
[0.34318968 0.22146426],[0.74291182 0.25205291],[0.65608033 0.40512873]
[0.34313035 0.22139661],[0.74285013 0.25197952],[0.65601087 0.4050515 ]
[0.34307076 0.22132866],[0.74278818 0.2519058 ],[0.6559411  0.40497394]
[0.3430109  0.22126041],[0.74272596 0.25183177],[0.65587104 0.40489604]
[0.3429508  0.22119188],[0.74266347 0.25175743],[0.65580067 0.40481781]
[0.34289043 0.22112305],[0.74260072 0.25168276],[0.65573001 0.40473924]
[0.34282981 0.22105393],[0.7425377  0.25160778],[0.65565904 0.40466035]
[0.34276893 0.22098451],[0.74247442 0.25153248],[0.65558778 0.40458111]
[0.34270779 0.22091481],[0.74241087 0.25145686],[0.65551621 0.40450155]
[0.3426464  0.22084481],[0.74234705 0.25138093],[0.65544435 0.40442165]
[0.34258475 0.22077452],[0.74228297 0.25130468],[0.65537219 0.40434142]
[0.34252284 0.22070393],[0.74221862 0.25122811],[0.65529973 0.40426085]
[0.34246067 0.22063305],[0.742154   0.25115123],[0.65522696 0.40417995]
[0.34239825 0.22056188],[0.74208912 0.25107403],[0.6551539  0.40409872]
[0.34233557 0.22049042],[0.74202398 0.25099651],[0.65508054 0.40401715]
[0.34227264 0.22041867],[0.74195856 0.25091867],[0.65500688 0.40393525]
[0.34220944 0.22034662],[0.74189288 0.25084052],[0.65493292 0.40385301]
[0.34214599 0.22027428],[0.74182694 0.25076205],[0.65485866 0.40377044]
[0.34208228 0.22020165],[0.74176073 0.25068327],[0.6547841  0.40368754]
[0.34201832 0.22012872],[0.74169425 0.25060416],[0.65470925 0.40360431]
[0.34195409 0.2200555 ],[0.74162751 0.25052474],[0.65463409 0.40352074]
[0.34188961 0.21998199],[0.7415605  0.25044501],[0.65455863 0.40343683]
[0.34182488 0.21990819],[0.74149323 0.25036495],[0.65448288 0.4033526 ]
[0.34175988 0.21983409],[0.74142569 0.25028458],[0.65440682 0.40326803]
[0.34169463 0.21975971],[0.74135788 0.25020389],[0.65433047 0.40318313]
[0.34162912 0.21968503],[0.74128981 0.25012289],[0.65425381 0.40309789]
[0.34156336 0.21961005],[0.74122147 0.25004157],[0.65417686 0.40301232]
[0.34149733 0.21953479],[0.74115287 0.24995993],[0.65409961 0.40292642]
[0.34143105 0.21945923],[0.741084   0.24987798],[0.65402206 0.40284018]
[0.34136452 0.21938338],[0.74101486 0.2497957 ],[0.6539442  0.40275361]
[0.34129772 0.21930724],[0.74094546 0.24971312],[0.65386605 0.40266671]
[0.34123067 0.2192308 ],[0.7408758  0.24963021],[0.65378761 0.40257947]
[0.34116336 0.21915407],[0.74080587 0.24954699],[0.65370886 0.4024919 ]
[0.3410958  0.21907705],[0.74073567 0.24946345],[0.65362981 0.402404  ]
[0.34102797 0.21899974],[0.74066521 0.2493796 ],[0.65355047 0.40231576]
[0.34095989 0.21892213],[0.74059448 0.24929542],[0.65347082 0.40222719]
[0.34089156 0.21884424],[0.74052349 0.24921094],[0.65339088 0.40213829]
[0.34082296 0.21876605],[0.74045223 0.24912613],[0.65331063 0.40204905]
[0.34075411 0.21868757],[0.7403807  0.24904101],[0.65323009 0.40195948]
[0.340685   0.21860879],[0.74030891 0.24895557],[0.65314925 0.40186958]
[0.34061564 0.21852972],[0.74023686 0.24886982],[0.65306811 0.40177934]
[0.34054601 0.21845037],[0.74016454 0.24878374],[0.65298667 0.40168877]
[0.34047613 0.21837071],[0.74009195 0.24869736],[0.65290494 0.40159787]
[0.340406   0.21829077],[0.7400191  0.24861065],[0.6528229  0.40150663]
[0.3403356  0.21821053],[0.73994598 0.24852363],[0.65274057 0.40141507]
[0.34026495 0.21813001],[0.7398726  0.24843629],[0.65265793 0.40132316]
[0.34019404 0.21804919],[0.73979895 0.24834864],[0.652575   0.40123093]
[0.34012288 0.21796807],[0.73972504 0.24826067],[0.65249177 0.40113836]
[0.34005145 0.21788667],[0.73965086 0.24817238],[0.65240824 0.40104546]
[0.33997977 0.21780497],[0.73957641 0.24808378],[0.65232441 0.40095223]
[0.33990784 0.21772298],[0.73950171 0.24799486],[0.65224028 0.40085866]
[0.33983564 0.2176407 ],[0.73942673 0.24790563],[0.65215586 0.40076476]
[0.33976319 0.21755812],[0.73935149 0.24781608],[0.65207113 0.40067053]
[0.33969048 0.21747526],[0.73927599 0.24772621],[0.65198611 0.40057596]
[0.33961752 0.2173921 ],[0.73920022 0.24763602],[0.65190079 0.40048106]
[0.33954429 0.21730865],[0.73912418 0.24754552],[0.65181517 0.40038583]
[0.33947081 0.21722491],[0.73904788 0.2474547 ],[0.65172925 0.40029027]
[0.33939708 0.21714087],[0.73897132 0.24736357],[0.65164304 0.40019437]
[0.33932308 0.21705654],[0.73889449 0.24727212],[0.65155652 0.40009814]
[0.33924883 0.21697192],[0.73881739 0.24718036],[0.65146971 0.40000158]
[0.33917432 0.21688701],[0.73874003 0.24708827],[0.65138259 0.39990468]
[0.33909956 0.21680181],[0.73866241 0.24699588],[0.65129518 0.39980746]
[0.33902454 0.21671631],[0.73858452 0.24690316],[0.65120748 0.39970989]
[0.33894926 0.21663053],[0.73850636 0.24681013],[0.65111947 0.399612  ]
[0.33887372 0.21654445],[0.73842794 0.24671679],[0.65103116 0.39951377]
[0.33879793 0.21645807],[0.73834926 0.24662312],[0.65094256 0.39941522]
[0.33872188 0.21637141],[0.73827031 0.24652915],[0.65085366 0.39931632]
[0.33864557 0.21628445],[0.73819109 0.24643485],[0.65076446 0.3992171 ]
[0.338569   0.21619721],[0.73811161 0.24634024],[0.65067496 0.39911754]
[0.33849218 0.21610966],[0.73803187 0.24624531],[0.65058516 0.39901765]
[0.3384151  0.21602183],[0.73795186 0.24615007],[0.65049507 0.39891743]
[0.33833777 0.21593371],[0.73787159 0.24605451],[0.65040468 0.39881688]
[0.33826017 0.21584529],[0.73779105 0.24595864],[0.65031399 0.39871599]
[0.33818232 0.21575658],[0.73771024 0.24586245],[0.650223   0.39861477]
[0.33810422 0.21566758],[0.73762918 0.24576594],[0.65013171 0.39851322]
[0.33802585 0.21557829],[0.73754784 0.24566912],[0.65004013 0.39841133]
[0.33794723 0.21548871],[0.73746625 0.24557198],[0.64994824 0.39830912]
[0.33786835 0.21539883],[0.73738438 0.24547453],[0.64985606 0.39820657]
[0.33778922 0.21530866],[0.73730226 0.24537676],[0.64976359 0.39810368]
[0.33770982 0.2152182 ],[0.73721987 0.24527867],[0.64967081 0.39800047]
[0.33763018 0.21512745],[0.73713721 0.24518027],[0.64957774 0.39789692]
[0.33755027 0.21503641],[0.73705429 0.24508156],[0.64948436 0.39779304]
[0.3374701  0.21494507],[0.73697111 0.24498252],[0.64939069 0.39768883]
[0.33738968 0.21485345],[0.73688766 0.24488317],[0.64929673 0.39758429]
[0.33730901 0.21476153],[0.73680394 0.24478351],[0.64920246 0.39747941]
[0.33722807 0.21466932],[0.73671997 0.24468353],[0.6491079  0.39737421]
[0.33714688 0.21457681],[0.73663572 0.24458324],[0.64901304 0.39726867]
[0.33706543 0.21448402],[0.73655122 0.24448262],[0.64891788 0.39716279]
[0.33698372 0.21439093],[0.73646645 0.2443817 ],[0.64882242 0.39705659]
[0.33690176 0.21429755],[0.73638141 0.24428046],[0.64872667 0.39695005]
[0.33681954 0.21420388],[0.73629611 0.2441789 ],[0.64863062 0.39684318]
[0.33673706 0.21410992],[0.73621055 0.24407702],[0.64853427 0.39673598]
[0.33665433 0.21401567],[0.73612472 0.24397484],[0.64843763 0.39662845]
[0.33657134 0.21392112],[0.73603863 0.24387233],[0.64834068 0.39652058]
[0.33648809 0.21382629],[0.73595227 0.24376951],[0.64824344 0.39641239]
[0.33640458 0.21373116],[0.73586565 0.24366638],[0.6481459  0.39630386]
[0.33632082 0.21363574],[0.73577877 0.24356293],[0.64804807 0.396195  ]
[0.3362368  0.21354003],[0.73569162 0.24345916],[0.64794993 0.3960858 ]
[0.33615253 0.21344402],[0.7356042  0.24335508],[0.6478515  0.39597628]
[0.33606799 0.21334773],[0.73551653 0.24325068],[0.64775278 0.39586642]
[0.3359832  0.21325114],[0.73542859 0.24314597],[0.64765375 0.39575623]
[0.33589815 0.21315426],[0.73534038 0.24304094],[0.64755443 0.39564571]
[0.33581285 0.21305709],[0.73525191 0.2429356 ],[0.64745481 0.39553486]
[0.33572729 0.21295963],[0.73516318 0.24282994],[0.64735489 0.39542368]
[0.33564147 0.21286188],[0.73507418 0.24272397],[0.64725468 0.39531216]
[0.33555539 0.21276383],[0.73498492 0.24261768],[0.64715417 0.39520031]
[0.33546906 0.21266549],[0.7348954  0.24251108],[0.64705336 0.39508813]
[0.33538247 0.21256687],[0.73480561 0.24240416],[0.64695226 0.39497562]
[0.33529562 0.21246795],[0.73471556 0.24229693],[0.64685085 0.39486278]
[0.33520852 0.21236873],[0.73462524 0.24218938],[0.64674915 0.3947496 ]
[0.33512116 0.21226923],[0.73453466 0.24208151],[0.64664716 0.3946361 ]
[0.33503354 0.21216944],[0.73444382 0.24197333],[0.64654487 0.39452226]
[0.33494567 0.21206935],[0.73435271 0.24186484],[0.64644228 0.39440809]
[0.33485754 0.21196897],[0.73426134 0.24175603],[0.64633939 0.39429359]
[0.33476915 0.21186831],[0.7341697  0.24164691],[0.64623621 0.39417875]
[0.3346805  0.21176734],[0.7340778  0.24153747],[0.64613272 0.39406359]
[0.3345916  0.21166609],[0.73398564 0.24142771],[0.64602895 0.39394809]
[0.33450244 0.21156455],[0.73389322 0.24131764],[0.64592487 0.39383227]
[0.33441302 0.21146272],[0.73380053 0.24120726],[0.6458205  0.39371611]
[0.33432335 0.21136059],[0.73370757 0.24109656],[0.64571584 0.39359962]
[0.33423342 0.21125817],[0.73361436 0.24098555],[0.64561087 0.3934828 ]
[0.33414323 0.21115546],[0.73352088 0.24087422],[0.64550561 0.39336564]
[0.33405279 0.21105246],[0.73342713 0.24076257],[0.64540005 0.39324816]
[0.33396208 0.21094917],[0.73333313 0.24065062],[0.6452942  0.39313034]
[0.33387113 0.21084559],[0.73323886 0.24053834],[0.64518805 0.3930122 ]
[0.33377991 0.21074172],[0.73314432 0.24042575],[0.6450816  0.39289372]
[0.33368844 0.21063755],[0.73304953 0.24031285],[0.64497486 0.39277491]
[0.33359671 0.21053309],[0.73295447 0.24019964],[0.64486782 0.39265577]
[0.33350472 0.21042835],[0.73285914 0.2400861 ],[0.64476048 0.3925363 ]
[0.33341248 0.21032331],[0.73276356 0.23997226],[0.64465285 0.39241649]
[0.33331998 0.21021798],[0.73266771 0.2398581 ],[0.64454492 0.39229636]
[0.33322722 0.21011236],[0.7325716  0.23974362],[0.64443669 0.39217589]
[0.33313421 0.21000644],[0.73247522 0.23962883],[0.64432817 0.3920551 ]
[0.33304093 0.20990024],[0.73237858 0.23951372],[0.64421936 0.39193397]
[0.33294741 0.20979374],[0.73228168 0.23939831],[0.64411024 0.39181251]
[0.33285362 0.20968696],[0.73218451 0.23928257],[0.64400083 0.39169072]
[0.33275958 0.20957988],[0.73208708 0.23916652],[0.64389112 0.3915686 ]
[0.33266528 0.20947251],[0.73198939 0.23905016],[0.64378112 0.39144615]
[0.33257072 0.20936485],[0.73189144 0.23893348],[0.64367082 0.39132337]
[0.33247591 0.2092569 ],[0.73179322 0.23881649],[0.64356023 0.39120025]
[0.33238084 0.20914866],[0.73169474 0.23869919],[0.64344934 0.39107681]
[0.33228551 0.20904012],[0.731596   0.23858157],[0.64333815 0.39095303]
[0.33218993 0.2089313 ],[0.73149699 0.23846363],[0.64322667 0.39082893]
[0.33209409 0.20882218],[0.73139772 0.23834538],[0.64311489 0.39070449]
[0.33199799 0.20871278],[0.73129819 0.23822682],[0.64300282 0.39057972]
[0.33190163 0.20860308],[0.73119839 0.23810794],[0.64289044 0.39045462]
[0.33180502 0.20849309],[0.73109834 0.23798875],[0.64277778 0.3903292 ]
[0.33170815 0.20838281],[0.73099802 0.23786924],[0.64266482 0.39020344]
[0.33161103 0.20827224],[0.73089743 0.23774942],[0.64255156 0.39007735]
[0.33151364 0.20816138],[0.73079659 0.23762929],[0.64243801 0.38995092]
[0.331416   0.20805023],[0.73069548 0.23750884],[0.64232416 0.38982417]
[0.33131811 0.20793879],[0.73059411 0.23738808],[0.64221001 0.38969709]
[0.33121995 0.20782705],[0.73049247 0.237267  ],[0.64209557 0.38956968]
[0.33112154 0.20771503],[0.73039058 0.23714561],[0.64198084 0.38944193]
[0.33102288 0.20760271],[0.73028842 0.23702391],[0.6418658  0.38931386]
[0.33092395 0.2074901 ],[0.730186   0.23690189],[0.64175048 0.38918546]
[0.33082477 0.20737721],[0.73008331 0.23677956],[0.64163485 0.38905672]
[0.33072533 0.20726402],[0.72998037 0.23665691],[0.64151894 0.38892766]
[0.33062564 0.20715054],[0.72987716 0.23653395],[0.64140272 0.38879826]
[0.33052568 0.20703677],[0.72977369 0.23641068],[0.64128622 0.38866853]
[0.33042547 0.20692271],[0.72966995 0.23628709],[0.64116941 0.38853848]
[0.33032501 0.20680836],[0.72956596 0.23616319],[0.64105231 0.38840809]
[0.33022428 0.20669371],[0.7294617  0.23603898],[0.64093492 0.38827737]
[0.3301233  0.20657878],[0.72935718 0.23591445],[0.64081723 0.38814632]
[0.33002206 0.20646356],[0.7292524 0.2357896],[0.64069924 0.38801495]
[0.32992057 0.20634804],[0.72914735 0.23566445],[0.64058096 0.38788324]
[0.32981882 0.20623224],[0.72904204 0.23553898],[0.64046239 0.3877512 ]
[0.32971681 0.20611614],[0.72893647 0.23541319],[0.64034352 0.38761883]
[0.32961454 0.20599976],[0.72883064 0.2352871 ],[0.64022435 0.38748613]
[0.32951202 0.20588308],[0.72872455 0.23516069],[0.64010489 0.38735311]
[0.32940924 0.20576611],[0.72861819 0.23503396],[0.63998514 0.38721975]
[0.32930621 0.20564885],[0.72851158 0.23490692],[0.63986509 0.38708606]
[0.32920291 0.2055313 ],[0.7284047  0.23477957],[0.63974474 0.38695204]
[0.32909936 0.20541347],[0.72829755 0.23465191],[0.6396241  0.38681769]
[0.32899555 0.20529534],[0.72819015 0.23452393],[0.63950317 0.38668301]
[0.32889149 0.20517692],[0.72808248 0.23439564],[0.63938194 0.386548  ]
[0.32878717 0.2050582 ],[0.72797456 0.23426703],[0.63926041 0.38641266]
[0.32868259 0.2049392 ],[0.72786637 0.23413811],[0.6391386 0.386277 ]
[0.32857775 0.20481991],[0.72775792 0.23400888],[0.63901648 0.386141  ]
[0.32847266 0.20470033],[0.7276492  0.23387934],[0.63889407 0.38600467]
[0.32836731 0.20458046],[0.72754023 0.23374948],[0.63877137 0.38586801]
[0.3282617  0.20446029],[0.72743099 0.2336193 ],[0.63864837 0.38573102]
[0.32815584 0.20433984],[0.72732149 0.23348882],[0.63852508 0.38559371]
[0.32804972 0.2042191 ],[0.72721173 0.23335802],[0.6384015  0.38545606]
[0.32794334 0.20409806],[0.72710171 0.23322691],[0.63827762 0.38531808]
[0.32783671 0.20397674],[0.72699143 0.23309548],[0.63815344 0.38517977]
[0.32772981 0.20385512],[0.72688088 0.23296375],[0.63802897 0.38504114]
[0.32762266 0.20373322],[0.72677007 0.23283169],[0.63790421 0.38490217]
[0.32751526 0.20361102],[0.72665901 0.23269933],[0.63777915 0.38476288]
[0.3274076  0.20348854],[0.72654768 0.23256665],[0.6376538  0.38462325]
[0.32729967 0.20336576],[0.72643609 0.23243366],[0.63752815 0.3844833 ]
[0.3271915 0.2032427],[0.72632423 0.23230036],[0.63740221 0.38434301]
[0.32708306 0.20311934],[0.72621212 0.23216674],[0.63727598 0.3842024 ]
[0.32697437 0.2029957 ],[0.72609974 0.23203281],[0.63714945 0.38406146]
[0.32686542 0.20287176],[0.7259871  0.23189857],[0.63702263 0.38392018]
[0.32675622 0.20274753],[0.72587421 0.23176402],[0.63689551 0.38377858]
[0.32664675 0.20262302],[0.72576105 0.23162915],[0.6367681  0.38363665]
[0.32653704 0.20249821],[0.72564763 0.23149397],[0.63664039 0.38349439]
[0.32642706 0.20237311],[0.72553394 0.23135847],[0.63651239 0.3833518 ]
[0.32631682 0.20224773],[0.72542    0.23122266],[0.6363841  0.38320888]
[0.32620633 0.20212205],[0.72530579 0.23108655],[0.63625552 0.38306563]
[0.32609559 0.20199608],[0.72519133 0.23095011],[0.63612664 0.38292206]
[0.32598458 0.20186983],[0.7250766  0.23081337],[0.63599746 0.38277815]
[0.32587332 0.20174328],[0.72496161 0.23067631],[0.635868   0.38263391]
[0.3257618  0.20161644],[0.72484636 0.23053894],[0.63573823 0.38248935]
[0.32565002 0.20148932],[0.72473085 0.23040126],[0.63560818 0.38234445]
[0.32553799 0.2013619 ],[0.72461508 0.23026326],[0.63547783 0.38219923]
[0.3254257 0.2012342],[0.72449905 0.23012495],[0.63534719 0.38205368]
[0.32531315 0.2011062 ],[0.72438275 0.22998633],[0.63521625 0.3819078 ]
[0.32520035 0.20097791],[0.7242662 0.2298474],[0.63508503 0.38176159]
[0.32508728 0.20084934],[0.72414938 0.22970815],[0.6349535  0.38161505]
[0.32497396 0.20072047],[0.72403231 0.22956859],[0.63482169 0.38146818]
[0.32486039 0.20059132],[0.72391497 0.22942872],[0.63468958 0.38132099]
[0.32474655 0.20046187],[0.72379737 0.22928854],[0.63455718 0.38117346]
[0.32463246 0.20033214],[0.72367951 0.22914804],[0.63442448 0.38102561]
[0.32451812 0.20020211],[0.72356139 0.22900723],[0.63429149 0.38087742]
[0.32440351 0.2000718 ],[0.72344301 0.22886611],[0.63415821 0.38072891]
[0.32428865 0.19994119],[0.72332437 0.22872468],[0.63402464 0.38058007]
[0.32417353 0.1998103 ],[0.72320547 0.22858293],[0.63389077 0.3804309 ]
[0.32405816 0.19967912],[0.72308631 0.22844087],[0.63375661 0.38028141]
[0.32394252 0.19954764],[0.72296688 0.2282985 ],[0.63362216 0.38013158]
[0.32382663 0.19941588],[0.7228472  0.22815582],[0.63348741 0.37998142]
[0.32371048 0.19928383],[0.72272726 0.22801282],[0.63335237 0.37983094]
[0.32359408 0.19915149],[0.72260705 0.22786952],[0.63321704 0.37968013]
[0.32347742 0.19901886],[0.72248659 0.2277259 ],[0.63308141 0.37952899]
[0.3233605  0.19888594],[0.72236586 0.22758196],[0.6329455  0.37937752]
[0.32324332 0.19875273],[0.72224487 0.22743772],[0.63280928 0.37922572]
[0.32312589 0.19861923],[0.72212363 0.22729316],[0.63267278 0.3790736 ]
[0.3230082  0.19848544],[0.72200212 0.2271483 ],[0.63253599 0.37892114]
[0.32289025 0.19835136],[0.72188035 0.22700312],[0.6323989  0.37876836]
[0.32277205 0.19821699],[0.72175833 0.22685762],[0.63226152 0.37861525]
[0.32265358 0.19808233],[0.72163604 0.22671182],[0.63212384 0.37846181]
[0.32253487 0.19794739],[0.72151349 0.22656571],[0.63198588 0.37830805]
[0.32241589 0.19781215],[0.72139068 0.22641928],[0.63184762 0.37815395]
[0.32229666 0.19767663],[0.72126761 0.22627254],[0.63170907 0.37799953]
[0.32217717 0.19754081],[0.72114428 0.22612549],[0.63157022 0.37784478]
[0.32205742 0.19740471],[0.72102069 0.22597812],[0.63143109 0.3776897 ]
[0.32193741 0.19726831],[0.72089685 0.22583045],[0.63129166 0.37753429]
[0.32181715 0.19713163],[0.72077274 0.22568246],[0.63115194 0.37737856]
[0.32169663 0.19699466],[0.72064837 0.22553416],[0.63101193 0.37722249]
[0.32157585 0.1968574 ],[0.72052374 0.22538555],[0.63087162 0.3770661 ]
[0.32145482 0.19671985],[0.72039885 0.22523663],[0.63073102 0.37690938]
[0.32133353 0.19658201],[0.7202737  0.22508739],[0.63059014 0.37675234]
[0.32121198 0.19644388],[0.72014829 0.22493785],[0.63044896 0.37659496]
[0.32109018 0.19630547],[0.72002262 0.22478799],[0.63030748 0.37643726]
[0.32096811 0.19616676],[0.71989669 0.22463782],[0.63016572 0.37627923]
[0.32084579 0.19602776],[0.7197705  0.22448734],[0.63002366 0.37612087]
[0.32072322 0.19588848],[0.71964406 0.22433655],[0.62988131 0.37596219]
[0.32060038 0.19574891],[0.71951735 0.22418544],[0.62973867 0.37580317]
[0.32047729 0.19560904],[0.71939038 0.22403403],[0.62959574 0.37564383]
[0.32035394 0.19546889],[0.71926315 0.2238823 ],[0.62945252 0.37548416]
[0.32023034 0.19532845],[0.71913566 0.22373026],[0.629309   0.37532417]
[0.32010648 0.19518772],[0.71900792 0.22357791],[0.6291652  0.37516385]
[0.31998236 0.1950467 ],[0.71887991 0.22342525],[0.6290211 0.3750032]
[0.31985798 0.1949054 ],[0.71875164 0.22327228],[0.62887671 0.37484222]
[0.31973334 0.1947638 ],[0.71862312 0.22311899],[0.62873203 0.37468091]
[0.31960845 0.19462191],[0.71849433 0.2229654 ],[0.62858705 0.37451928]
[0.3194833  0.19447974],[0.71836529 0.22281149],[0.62844179 0.37435732]
[0.3193579  0.19433728],[0.71823598 0.22265727],[0.62829623 0.37419503]
[0.31923223 0.19419453],[0.71810642 0.22250274],[0.62815039 0.37403242]
[0.31910631 0.19405149],[0.7179766 0.2223479],[0.62800425 0.37386948]
[0.31898013 0.19390816],[0.71784651 0.22219275],[0.62785782 0.37370621]
[0.3188537  0.19376454],[0.71771617 0.22203729],[0.6277111  0.37354261]
[0.318727   0.19362063],[0.71758557 0.22188151],[0.62756409 0.37337869]
[0.31860006 0.19347644],[0.71745471 0.22172543],[0.62741679 0.37321444]
[0.31847285 0.19333195],[0.71732359 0.22156903],[0.62726919 0.37304986]
[0.31834538 0.19318718],[0.71719221 0.22141232],[0.62712131 0.37288496]
[0.31821766 0.19304212],[0.71706057 0.2212553 ],[0.62697313 0.37271973]
[0.31808968 0.19289677],[0.71692868 0.22109797],[0.62682467 0.37255417]
[0.31796145 0.19275113],[0.71679652 0.22094033],[0.62667591 0.37238828]
[0.31783295 0.1926052 ],[0.7166641  0.22078238],[0.62652686 0.37222207]
[0.3177042  0.19245898],[0.71653143 0.22062412],[0.62637752 0.37205553]
[0.31757519 0.19231248],[0.7163985  0.22046554],[0.62622789 0.37188867]
[0.31744593 0.19216568],[0.7162653  0.22030666],[0.62607797 0.37172148]
[0.31731641 0.1920186 ],[0.71613185 0.22014746],[0.62592776 0.37155396]
[0.31718663 0.19187123],[0.71599814 0.21998796],[0.62577726 0.37138611]
[0.31705659 0.19172357],[0.71586417 0.21982814],[0.62562647 0.37121794]
[0.3169263  0.19157563],[0.71572994 0.21966801],[0.62547538 0.37104944]
[0.31679574 0.19142739],[0.71559546 0.21950757],[0.62532401 0.37088062]
[0.31666493 0.19127886],[0.71546071 0.21934682],[0.62517235 0.37071147]
[0.31653387 0.19113005],[0.71532571 0.21918576],[0.62502039 0.37054199]
[0.31640254 0.19098095],[0.71519044 0.21902439],[0.62486815 0.37037219]
[0.31627096 0.19083156],[0.71505492 0.21886271],[0.62471562 0.37020206]
[0.31613912 0.19068188],[0.71491914 0.21870071],[0.62456279 0.3700316 ]
[0.31600703 0.19053191],[0.7147831  0.21853841],[0.62440968 0.36986082]
[0.31587468 0.19038166],[0.7146468  0.21837579],[0.62425627 0.36968971]
[0.31574207 0.19023112],[0.71451024 0.21821287],[0.62410258 0.36951827]
[0.3156092  0.19008028],[0.71437343 0.21804963],[0.62394859 0.36934651]
[0.31547607 0.18992916],[0.71423635 0.21788609],[0.62379432 0.36917442]
[0.31534269 0.18977776],[0.71409902 0.21772223],[0.62363975 0.36900201]
[0.31520905 0.18962606],[0.71396143 0.21755806],[0.6234849  0.36882927]
[0.31507516 0.18947407],[0.71382358 0.21739358],[0.62332975 0.3686562 ]
[0.314941  0.1893218],[0.71368547 0.21722879],[0.62317432 0.36848281]
[0.31480659 0.18916924],[0.71354711 0.21706369],[0.62301859 0.36830909]
[0.31467192 0.18901639],[0.71340848 0.21689828],[0.62286258 0.36813504]
[0.31453699 0.18886325],[0.7132696  0.21673256],[0.62270627 0.36796067]
[0.31440181 0.18870982],[0.71313046 0.21656653],[0.62254968 0.36778598]
[0.31426637 0.18855611],[0.71299106 0.21640019],[0.6223928  0.36761095]
[0.31413067 0.18840211],[0.7128514  0.21623354],[0.62223562 0.36743561]
[0.31399472 0.18824782],[0.71271148 0.21606658],[0.62207816 0.36725993]
[0.3138585  0.18809324],[0.71257131 0.21589931],[0.62192041 0.36708393]
[0.31372203 0.18793837],[0.71243088 0.21573173],[0.62176237 0.36690761]
[0.3135853  0.18778322],[0.71229019 0.21556383],[0.62160404 0.36673096]
[0.31344832 0.18762777],[0.71214924 0.21539563],[0.62144541 0.36655398]
[0.31331108 0.18747204],[0.71200803 0.21522712],[0.62128651 0.36637668]
[0.31317358 0.18731602],[0.71186657 0.21505829],[0.62112731 0.36619905]
[0.31303582 0.18715972],[0.71172485 0.21488916],[0.62096782 0.3660211 ]
[0.3128978  0.18700312],[0.71158287 0.21471972],[0.62080804 0.36584282]
[0.31275953 0.18684624],[0.71144063 0.21454996],[0.62064797 0.36566422]
[0.312621   0.18668907],[0.71129813 0.2143799 ],[0.62048762 0.36548529]
[0.31248222 0.18653161],[0.71115538 0.21420952],[0.62032697 0.36530603]
[0.31234317 0.18637386],[0.71101237 0.21403884],[0.62016604 0.36512645]
[0.31220387 0.18621583],[0.7108691  0.21386785],[0.62000482 0.36494655]
[0.31206431 0.18605751],[0.71072557 0.21369654],[0.6198433  0.36476631]
[0.31192449 0.1858989 ],[0.71058178 0.21352493],[0.6196815  0.36458576]
[0.31178442 0.18574   ],[0.71043774 0.213353  ],[0.61951941 0.36440488]
[0.31164409 0.18558081],[0.71029344 0.21318077],[0.61935704 0.36422367]
[0.3115035  0.18542134],[0.71014888 0.21300823],[0.61919437 0.36404214]
[0.31136266 0.18526158],[0.71000407 0.21283537],[0.61903141 0.36386028]
[0.31122155 0.18510153],[0.709859   0.21266221],[0.61886817 0.3636781 ]
[0.31108019 0.18494119],[0.70971367 0.21248874],[0.61870464 0.36349559]
[0.31093857 0.18478057],[0.70956808 0.21231495],[0.61854081 0.36331276]
[0.3107967  0.18461965],[0.70942223 0.21214086],[0.6183767 0.3631296]
[0.31065456 0.18445845],[0.70927613 0.21196646],[0.6182123  0.36294612]
[0.31051217 0.18429697],[0.70912977 0.21179175],[0.61804762 0.36276232]
[0.31036953 0.18413519],[0.70898315 0.21161672],[0.61788264 0.36257818]
[0.31022662 0.18397313],[0.70883628 0.21144139],[0.61771738 0.36239373]
[0.31008346 0.18381078],[0.70868915 0.21126575],[0.61755182 0.36220895]
[0.30994004 0.18364814],[0.70854176 0.2110898 ],[0.61738598 0.36202384]
[0.30979636 0.18348521],[0.70839411 0.21091354],[0.61721985 0.36183841]
[0.30965243 0.183322  ],[0.70824621 0.21073697],[0.61705344 0.36165266]
[0.30950823 0.1831585 ],[0.70809805 0.21056009],[0.61688673 0.36146658]
[0.30936378 0.18299471],[0.70794963 0.2103829 ],[0.61671974 0.36128017]
[0.30921908 0.18283064],[0.70780096 0.2102054 ],[0.61655246 0.36109344]
[0.30907411 0.18266627],[0.70765203 0.21002759],[0.61638489 0.36090639]
[0.30892889 0.18250162],[0.70750284 0.20984947],[0.61621703 0.36071901]
[0.30878341 0.18233668],[0.70735339 0.20967105],[0.61604888 0.36053131]
[0.30863768 0.18217146],[0.70720369 0.20949231],[0.61588045 0.36034328]
[0.30849168 0.18200595],[0.70705373 0.20931327],[0.61571173 0.36015493]
[0.30834543 0.18184015],[0.70690352 0.20913391],[0.61554272 0.35996626]
[0.30819892 0.18167406],[0.70675304 0.20895425],[0.61537342 0.35977726]
[0.30805216 0.18150768],[0.70660231 0.20877427],[0.61520384 0.35958793]
[0.30790513 0.18134102],[0.70645133 0.20859399],[0.61503397 0.35939828]
[0.30775785 0.18117407],[0.70630008 0.2084134 ],[0.61486381 0.35920831]
[0.30761031 0.18100683],[0.70614858 0.2082325 ],[0.61469336 0.35901801]
[0.30746252 0.18083931],[0.70599683 0.20805129],[0.61452262 0.35882739]
[0.30731446 0.1806715 ],[0.70584482 0.20786977],[0.6143516  0.35863645]
[0.30716615 0.1805034 ],[0.70569255 0.20768794],[0.61418029 0.35844518]
[0.30701758 0.18033501],[0.70554002 0.2075058 ],[0.61400869 0.35825359]
[0.30686876 0.18016634],[0.70538724 0.20732335],[0.61383681 0.35806167]
[0.30671968 0.17999738],[0.7052342 0.2071406],[0.61366464 0.35786943]
[0.30657034 0.17982813],[0.7050809  0.20695753],[0.61349218 0.35767687]
[0.30642074 0.1796586 ],[0.70492735 0.20677416],[0.61331943 0.35748398]
[0.30627088 0.17948878],[0.70477355 0.20659047],[0.6131464  0.35729076]
[0.30612077 0.17931867],[0.70461948 0.20640648],[0.61297308 0.35709723]
[0.3059704  0.17914827],[0.70446516 0.20622218],[0.61279947 0.35690337]
[0.30581977 0.17897759],[0.70431058 0.20603757],[0.61262558 0.35670919]
[0.30566889 0.17880662],[0.70415575 0.20585265],[0.61245139 0.35651468]
[0.30551775 0.17863537],[0.70400066 0.20566742],[0.61227692 0.35631985]
[0.30536635 0.17846382],[0.70384532 0.20548189],[0.61210217 0.35612469]
[0.30521469 0.17829199],[0.70368972 0.20529604],[0.61192713 0.35592921]
[0.30506278 0.17811987],[0.70353386 0.20510989],[0.6117518  0.35573341]
[0.30491061 0.17794747],[0.70337774 0.20492343],[0.61157618 0.35553729]
[0.30475818 0.17777478],[0.70322137 0.20473666],[0.61140028 0.35534084]
[0.30460549 0.1776018 ],[0.70306475 0.20454958],[0.61122409 0.35514407]
[0.30445255 0.17742854],[0.70290787 0.20436219],[0.61104761 0.35494697]
[0.30429935 0.17725498],[0.70275073 0.20417449],[0.61087085 0.35474955]
[0.30414589 0.17708115],[0.70259334 0.20398649],[0.6106938  0.35455181]
[0.30399217 0.17690702],[0.70243569 0.20379817],[0.61051646 0.35435375]
[0.3038382  0.17673261],[0.70227778 0.20360955],[0.61033884 0.35415536]
[0.30368397 0.17655791],[0.70211962 0.20342062],[0.61016093 0.35395665]
[0.30352948 0.17638292],[0.70196121 0.20323138],[0.60998273 0.35375761]
[0.30337473 0.17620765],[0.70180253 0.20304183],[0.60980425 0.35355825]
[0.30321973 0.17603209],[0.70164361 0.20285198],[0.60962548 0.35335857]
[0.30306447 0.17585625],[0.70148442 0.20266181],[0.60944643 0.35315856]
[0.30290895 0.17568012],[0.70132498 0.20247134],[0.60926709 0.35295824]
[0.30275318 0.1755037 ],[0.70116529 0.20228056],[0.60908746 0.35275759]
[0.30259715 0.17532699],[0.70100534 0.20208947],[0.60890755 0.35255661]
[0.30244086 0.17515   ],[0.70084513 0.20189807],[0.60872735 0.35235531]
[0.30228431 0.17497272],[0.70068467 0.20170637],[0.60854686 0.35215369]
[0.3021275  0.17479516],[0.70052396 0.20151436],[0.60836609 0.35195175]
[0.30197044 0.17461731],[0.70036298 0.20132203],[0.60818503 0.35174949]
[0.30181312 0.17443917],[0.70020176 0.2011294 ],[0.60800369 0.3515469 ]
[0.30165555 0.17426074],[0.70004027 0.20093647],[0.60782206 0.35134398]
[0.30149771 0.17408203],[0.69987853 0.20074322],[0.60764015 0.35114075]
[0.30133962 0.17390304],[0.69971654 0.20054967],[0.60745794 0.35093719]
[0.30118127 0.17372375],[0.69955429 0.20035581],[0.60727546 0.35073331]
[0.30102267 0.17354418],[0.69939179 0.20016164],[0.60709269 0.35052911]
[0.3008638  0.17336433],[0.69922903 0.19996716],[0.60690963 0.35032458]
[0.30070468 0.17318419],[0.69906601 0.19977238],[0.60672628 0.35011973]
[0.3005453  0.17300376],[0.69890275 0.19957728],[0.60654265 0.34991456]
[0.30038567 0.17282304],[0.69873922 0.19938188],[0.60635874 0.34970907]
[0.30022577 0.17264204],[0.69857544 0.19918618],[0.60617454 0.34950325]
[0.30006562 0.17246076],[0.69841141 0.19899016],[0.60599005 0.34929711]
[0.29990521 0.17227918],[0.69824712 0.19879384],[0.60580528 0.34909065]
[0.29974455 0.17209732],[0.69808257 0.19859721],[0.60562022 0.34888387]
[0.29958362 0.17191518],[0.69791777 0.19840027],[0.60543488 0.34867676]
[0.29942244 0.17173275],[0.69775272 0.19820302],[0.60524925 0.34846933]
[0.29926101 0.17155003],[0.69758741 0.19800547],[0.60506334 0.34826158]
[0.29909931 0.17136703],[0.69742185 0.19780761],[0.60487714 0.34805351]
[0.29893736 0.17118374],[0.69725603 0.19760944],[0.60469066 0.34784511]
[0.29877515 0.17100016],[0.69708995 0.19741096],[0.60450389 0.34763639]
[0.29861268 0.1708163 ],[0.69692363 0.19721218],[0.60431684 0.34742735]
[0.29844996 0.17063216],[0.69675704 0.19701309],[0.6041295  0.34721799]
[0.29828697 0.17044772],[0.69659021 0.19681369],[0.60394187 0.3470083 ]
[0.29812374 0.17026301],[0.69642311 0.19661399],[0.60375396 0.34679829]
[0.29796024 0.170078  ],[0.69625577 0.19641397],[0.60356577 0.34658796]
[0.29779648 0.16989271],[0.69608817 0.19621365],[0.60337729 0.34637731]
[0.29763247 0.16970714],[0.69592031 0.19601303],[0.60318853 0.34616634]
[0.2974682  0.16952128],[0.6957522  0.19581209],[0.60299948 0.34595504]
[0.29730368 0.16933513],[0.69558383 0.19561085],[0.60281015 0.34574342]
[0.29713889 0.1691487 ],[0.69541522 0.19540931],[0.60262053 0.34553148]
[0.29697385 0.16896198],[0.69524634 0.19520745],[0.60243063 0.34531922]
[0.29680855 0.16877498],[0.69507721 0.19500529],[0.60224044 0.34510664]
[0.29664299 0.16858769],[0.69490783 0.19480282],[0.60204997 0.34489373]
[0.29647718 0.16840011],[0.6947382  0.19460005],[0.60185921 0.3446805 ]
[0.29631111 0.16821225],[0.6945683  0.19439696],[0.60166817 0.34446695]
[0.29614478 0.16802411],[0.69439816 0.19419357],[0.60147684 0.34425308]
[0.2959782  0.16783568],[0.69422776 0.19398988],[0.60128523 0.34403888]
[0.29581135 0.16764696],[0.69405711 0.19378587],[0.60109334 0.34382437]
[0.29564425 0.16745796],[0.6938862  0.19358157],[0.60090116 0.34360953]
[0.29547689 0.16726868],[0.69371504 0.19337695],[0.6007087  0.34339437]
[0.29530928 0.1670791 ],[0.69354362 0.19317203],[0.60051595 0.34317889]
[0.2951414  0.16688925],[0.69337195 0.1929668 ],[0.60032292 0.34296309]
[0.29497327 0.16669911],[0.69320003 0.19276126],[0.6001296  0.34274696]
[0.29480489 0.16650868],[0.69302785 0.19255542],[0.599936   0.34253051]
[0.29463624 0.16631797],[0.69285542 0.19234927],[0.59974212 0.34231375]
[0.29446734 0.16612697],[0.69268274 0.19214281],[0.59954795 0.34209666]
[0.29429818 0.16593569],[0.6925098  0.19193605],[0.5993535  0.34187925]
[0.29412876 0.16574412],[0.69233661 0.19172898],[0.59915876 0.34166151]
[0.29395909 0.16555227],[0.69216316 0.19152161],[0.59896374 0.34144346]
[0.29378916 0.16536014],[0.69198946 0.19131393],[0.59876844 0.34122509]
[0.29361897 0.16516772],[0.69181551 0.19110594],[0.59857285 0.34100639]
[0.29344852 0.16497501],[0.6916413  0.19089765],[0.59837698 0.34078737]
[0.29327782 0.16478202],[0.69146684 0.19068905],[0.59818082 0.34056803]
[0.29310685 0.16458874],[0.69129213 0.19048014],[0.59798438 0.34034837]
[0.29293564 0.16439519],[0.69111716 0.19027093],[0.59778766 0.34012839]
[0.29276416 0.16420134],[0.69094194 0.19006141],[0.59759065 0.33990809]
[0.29259243 0.16400721],[0.69076646 0.18985159],[0.59739336 0.33968747]
[0.29242043 0.1638128 ],[0.69059073 0.18964145],[0.59719579 0.33946652]
[0.29224819 0.1636181 ],[0.69041475 0.18943102],[0.59699793 0.33924525]
[0.29207568 0.16342312],[0.69023852 0.18922028],[0.59679979 0.33902367]
[0.29190292 0.16322785],[0.69006203 0.18900923],[0.59660137 0.33880176]
[0.2917299 0.1630323],[0.68988529 0.18879787],[0.59640266 0.33857953]
[0.29155662 0.16283647],[0.6897083  0.18858621],[0.59620367 0.33835698]
[0.29138308 0.16264035],[0.68953105 0.18837424],[0.5960044  0.33813411]
[0.29120929 0.16244394],[0.68935355 0.18816197],[0.59580484 0.33791092]
[0.29103524 0.16224726],[0.68917579 0.18794939],[0.595605   0.33768741]
[0.29086093 0.16205028],[0.68899779 0.18773651],[0.59540487 0.33746357]
[0.29068637 0.16185303],[0.68881953 0.18752332],[0.59520447 0.33723942]
[0.29051154 0.16165549],[0.68864101 0.18730983],[0.59500378 0.33701494]
[0.29033646 0.16145766],[0.68846225 0.18709602],[0.5948028  0.33679015]
[0.29016113 0.16125955],[0.68828323 0.18688192],[0.59460155 0.33656503]
[0.28998553 0.16106116],[0.68810396 0.18666751],[0.59440001 0.33633959]
[0.28980968 0.16086249],[0.68792443 0.18645279],[0.59419819 0.33611384]
[0.28963357 0.16066353],[0.68774465 0.18623776],[0.59399608 0.33588776]
[0.2894572  0.16046428],[0.68756462 0.18602243],[0.59379369 0.33566136]
[0.28928058 0.16026475],[0.68738434 0.1858068 ],[0.59359102 0.33543464]
[0.2891037  0.16006494],[0.6872038  0.18559086],[0.59338807 0.3352076 ]
[0.28892656 0.15986485],[0.68702302 0.18537462],[0.59318484 0.33498024]
[0.28874916 0.15966447],[0.68684197 0.18515806],[0.59298132 0.33475256]
[0.28857151 0.1594638 ],[0.68666068 0.18494121],[0.59277752 0.33452456]
[0.28839359 0.15926286],[0.68647913 0.18472405],[0.59257343 0.33429623]
[0.28821543 0.15906163],[0.68629734 0.18450658],[0.59236907 0.33406759]
[0.288037   0.15886011],[0.68611528 0.18428881],[0.59216442 0.33383863]
[0.28785831 0.15865832],[0.68593298 0.18407073],[0.59195948 0.33360935]
[0.28767937 0.15845624],[0.68575042 0.18385235],[0.59175427 0.33337974]
[0.28750017 0.15825387],[0.68556762 0.18363366],[0.59154878 0.33314982]
[0.28732072 0.15805122],[0.68538455 0.18341467],[0.591343   0.33291958]
[0.287141   0.15784829],[0.68520124 0.18319537],[0.59113694 0.33268902]
[0.28696103 0.15764508],[0.68501768 0.18297577],[0.59093059 0.33245813]
[0.2867808  0.15744158],[0.68483386 0.18275586],[0.59072397 0.33222693]
[0.28660032 0.1572378 ],[0.68464979 0.18253565],[0.59051706 0.3319954 ]
[0.28641957 0.15703373],[0.68446547 0.18231513],[0.59030987 0.33176356]
[0.28623857 0.15682939],[0.68428089 0.18209431],[0.5901024 0.3315314]
[0.28605731 0.15662476],[0.68409607 0.18187318],[0.58989465 0.33129891]
[0.2858758  0.15641984],[0.68391099 0.18165175],[0.58968661 0.33106611]
[0.28569402 0.15621465],[0.68372566 0.18143001],[0.58947829 0.33083299]
[0.28551199 0.15600917],[0.68354007 0.18120797],[0.58926969 0.33059954]
[0.2853297 0.1558034],[0.68335424 0.18098563],[0.58906081 0.33036578]
[0.28514716 0.15559736],[0.68316815 0.18076297],[0.58885165 0.3301317 ]
[0.28496435 0.15539103],[0.68298182 0.18054002],[0.58864221 0.32989729]
[0.28478129 0.15518442],[0.68279523 0.18031676],[0.58843248 0.32966257]
[0.28459797 0.15497752],[0.68260838 0.18009319],[0.58822247 0.32942753]
[0.2844144  0.15477034],[0.68242129 0.17986932],[0.58801218 0.32919217]
[0.28423057 0.15456288],[0.68223395 0.17964515],[0.58780161 0.32895648]
[0.28404647 0.15435514],[0.68204635 0.17942067],[0.58759076 0.32872048]
[0.28386213 0.15414711],[0.6818585  0.17919589],[0.58737962 0.32848416]
[0.28367752 0.1539388 ],[0.6816704 0.1789708],[0.58716821 0.32824752]
[0.28349266 0.15373021],[0.68148205 0.17874541],[0.58695651 0.32801056]
[0.28330754 0.15352134],[0.68129345 0.17851971],[0.58674453 0.32777328]
[0.28312216 0.15331218],[0.68110459 0.17829371],[0.58653227 0.32753568]
[0.28293652 0.15310274],[0.68091548 0.17806741],[0.58631973 0.32729776]
[0.28275063 0.15289302],[0.68072613 0.1778408 ],[0.58610691 0.32705953]
[0.28256448 0.15268302],[0.68053652 0.17761388],[0.58589381 0.32682097]
[0.28237807 0.15247273],[0.68034666 0.17738667],[0.58568042 0.32658209]
[0.28219141 0.15226216],[0.68015655 0.17715914],[0.58546676 0.3263429 ]
[0.28200448 0.15205131],[0.67996618 0.17693132],[0.58525281 0.32610338]
[0.2818173  0.15184017],[0.67977557 0.17670319],[0.58503858 0.32586355]
[0.28162987 0.15162876],[0.6795847  0.17647475],[0.58482407 0.32562339]
[0.28144217 0.15141706],[0.67939359 0.17624602],[0.58460928 0.32538292]
[0.28125422 0.15120508],[0.67920222 0.17601697],[0.58439421 0.32514213]
[0.28106601 0.15099282],[0.6790106  0.17578763],[0.58417886 0.32490102]
[0.28087754 0.15078027],[0.67881873 0.17555798],[0.58396323 0.32465959]
[0.28068882 0.15056744],[0.67862661 0.17532803],[0.58374732 0.32441784]
[0.28049984 0.15035433],[0.67843424 0.17509777],[0.58353113 0.32417577]
[0.2803106  0.15014094],[0.67824162 0.17486721],[0.58331465 0.32393338]
[0.2801211  0.14992727],[0.67804874 0.17463634],[0.5830979  0.32369068]
[0.27993135 0.14971331],[0.67785562 0.17440517],[0.58288086 0.32344765]
[0.27974134 0.14949907],[0.67766225 0.1741737 ],[0.58266355 0.32320431]
[0.27955107 0.14928455],[0.67746862 0.17394192],[0.58244595 0.32296064]
[0.27936054 0.14906975],[0.67727474 0.17370985],[0.58222808 0.32271666]
[0.27916976 0.14885467],[0.67708062 0.17347746],[0.58200992 0.32247236]
[0.27897872 0.1486393 ],[0.67688624 0.17324478],[0.58179148 0.32222774]
[0.27878743 0.14842365],[0.67669161 0.17301179],[0.58157277 0.3219828 ]
[0.27859587 0.14820772],[0.67649673 0.17277849],[0.58135377 0.32173755]
[0.27840406 0.14799151],[0.6763016  0.17254489],[0.58113449 0.32149197]
[0.27821199 0.14777502],[0.67610622 0.17231099],[0.58091493 0.32124608]
[0.27801966 0.14755824],[0.67591059 0.17207679],[0.5806951  0.32099986]
[0.27782708 0.14734119],[0.67571471 0.17184228],[0.58047498 0.32075333]
[0.27763424 0.14712385],[0.67551858 0.17160747],[0.58025458 0.32050648]
[0.27744114 0.14690623],[0.6753222  0.17137236],[0.5800339  0.32025931]
[0.27724779 0.14668833],[0.67512557 0.17113694],[0.57981295 0.32001183]
[0.27705417 0.14647015],[0.67492868 0.17090122],[0.57959171 0.31976402]
[0.2768603  0.14625168],[0.67473155 0.1706652 ],[0.57937019 0.3195159 ]
[0.27666618 0.14603293],[0.67453417 0.17042887],[0.5791484  0.31926746]
[0.27647179 0.14581391],[0.67433654 0.17019224],[0.57892632 0.3190187 ]
[0.27627715 0.1455946 ],[0.67413865 0.16995531],[0.57870396 0.31876962]
[0.27608225 0.14537501],[0.67394052 0.16971808],[0.57848133 0.31852022]
[0.2758871  0.14515514],[0.67374214 0.16948054],[0.57825841 0.31827051]
[0.27569168 0.14493498],[0.6735435 0.1692427],[0.57803522 0.31802047]
[0.27549601 0.14471455],[0.67334462 0.16900456],[0.57781175 0.31777012]
[0.27530008 0.14449383],[0.67314549 0.16876611],[0.57758799 0.31751945]
[0.2751039  0.14427284],[0.6729461  0.16852736],[0.57736396 0.31726846]
[0.27490746 0.14405156],[0.67274647 0.16828831],[0.57713965 0.31701716]
[0.27471076 0.14383   ],[0.67254659 0.16804895],[0.57691506 0.31676553]
[0.2745138  0.14360816],[0.67234646 0.1678093 ],[0.57669019 0.31651359]
[0.27431659 0.14338603],[0.67214608 0.16756934],[0.57646504 0.31626133]
[0.27411912 0.14316363],[0.67194544 0.16732907],[0.57623961 0.31600876]
[0.27392139 0.14294095],[0.67174456 0.16708851],[0.5760139  0.31575586]
[0.2737234  0.14271798],[0.67154343 0.16684764],[0.57578792 0.31550265]
[0.27352516 0.14249474],[0.67134205 0.16660647],[0.57556165 0.31524911]
[0.27332666 0.14227121],[0.67114042 0.166365  ],[0.57533511 0.31499527]
[0.27312791 0.1420474 ],[0.67093854 0.16612322],[0.57510828 0.3147411 ]
[0.27292889 0.14182331],[0.67073641 0.16588115],[0.57488118 0.31448661]
[0.27272962 0.14159894],[0.67053403 0.16563877],[0.5746538  0.31423181]
[0.27253009 0.14137429],[0.67033141 0.16539609],[0.57442614 0.31397669]
[0.27233031 0.14114936],[0.67012853 0.1651531 ],[0.5741982  0.31372125]
[0.27213026 0.14092414],[0.6699254  0.16490982],[0.57396999 0.3134655 ]
[0.27192996 0.14069865],[0.66972203 0.16466623],[0.57374149 0.31320943]
[0.27172941 0.14047288],[0.6695184  0.16442234],[0.57351272 0.31295304]
[0.27152859 0.14024682],[0.66931453 0.16417815],[0.57328367 0.31269633]
[0.27132752 0.14002049],[0.6691104  0.16393365],[0.57305433 0.3124393 ]
[0.27112619 0.13979387],[0.66890603 0.16368886],[0.57282473 0.31218196]
[0.27092461 0.13956697],[0.66870141 0.16344376],[0.57259484 0.3119243 ]
[0.27072276 0.13933979],[0.66849654 0.16319836],[0.57236467 0.31166632]
[0.27052066 0.13911233],[0.66829142 0.16295266],[0.57213423 0.31140803]
[0.27031831 0.1388846 ],[0.66808605 0.16270665],[0.57190351 0.31114942]
[0.27011569 0.13865658],[0.66788043 0.16246035],[0.57167251 0.31089049]
[0.26991282 0.13842827],[0.66767457 0.16221374],[0.57144123 0.31063124]
[0.26970969 0.13819969],[0.66746845 0.16196683],[0.57120967 0.31037168]
[0.26950631 0.13797083],[0.66726209 0.16171962],[0.57097784 0.3101118 ]
[0.26930266 0.13774169],[0.66705547 0.16147211],[0.57074573 0.3098516 ]
[0.26909876 0.13751227],[0.66684861 0.16122429],[0.57051334 0.30959108]
[0.26889461 0.13728257],[0.6666415  0.16097618],[0.57028067 0.30933025]
[0.26869019 0.13705258],[0.66643414 0.16072776],[0.57004773 0.3090691 ]
[0.26848552 0.13682232],[0.66622654 0.16047904],[0.5698145  0.30880764]
[0.26828059 0.13659178],[0.66601868 0.16023003],[0.569581   0.30854586]
[0.26807541 0.13636095],[0.66581058 0.1599807 ],[0.56934723 0.30828376]
[0.26786996 0.13612985],[0.66560222 0.15973108],[0.56911317 0.30802134]
[0.26766427 0.13589846],[0.66539362 0.15948116],[0.56887884 0.30775861]
[0.26745831 0.1356668 ],[0.66518477 0.15923093],[0.56864423 0.30749556]
[0.26725209 0.13543485],[0.66497567 0.15898041],[0.56840934 0.30723219]
[0.26704562 0.13520263],[0.66476633 0.15872958],[0.56817417 0.30696851]
[0.2668389  0.13497012],[0.66455673 0.15847845],[0.56793873 0.30670451]
[0.26663191 0.13473734],[0.66434689 0.15822702],[0.56770301 0.3064402 ]
[0.26642467 0.13450428],[0.6641368  0.15797529],[0.56746702 0.30617556]
[0.26621717 0.13427093],[0.66392646 0.15772326],[0.56723074 0.30591062]
[0.26600941 0.13403731],[0.66371587 0.15747093],[0.56699419 0.30564535]
[0.2658014 0.1338034],[0.66350504 0.1572183 ],[0.56675736 0.30537977]
[0.26559313 0.13356922],[0.66329395 0.15696536],[0.56652026 0.30511387]
[0.2653846  0.13333475],[0.66308262 0.15671213],[0.56628288 0.30484766]
[0.26517582 0.13310001],[0.66287104 0.15645859],[0.56604522 0.30458113]
[0.26496678 0.13286498],[0.66265921 0.15620476],[0.56580728 0.30431428]
[0.26475748 0.13262968],[0.66244714 0.15595062],[0.56556907 0.30404712]
[0.26454792 0.1323941 ],[0.66223482 0.15569618],[0.56533058 0.30377964]
[0.26433811 0.13215823],[0.66202225 0.15544144],[0.56509182 0.30351185]
[0.26412804 0.13192209],[0.66180943 0.15518641],[0.56485278 0.30324374]
[0.26391772 0.13168567],[0.66159636 0.15493107],[0.56461346 0.30297531]
[0.26370713 0.13144897],[0.66138305 0.15467543],[0.56437386 0.30270657]
[0.26349629 0.13121199],[0.66116949 0.15441949],[0.56413399 0.30243751]
[0.2632852  0.13097472],[0.66095568 0.15416324],[0.56389385 0.30216813]
[0.26307384 0.13073718],[0.66074162 0.1539067 ],[0.56365342 0.30189844]
[0.26286223 0.13049936],[0.66052732 0.15364986],[0.56341272 0.30162844]
[0.26265037 0.13026126],[0.66031276 0.15339272],[0.56317175 0.30135812]
[0.26243824 0.13002289],[0.66009796 0.15313528],[0.56293049 0.30108748]
[0.26222586 0.12978423],[0.65988292 0.15287754],[0.56268897 0.30081653]
[0.26201322 0.12954529],[0.65966762 0.15261949],[0.56244716 0.30054526]
[0.26180033 0.12930607],[0.65945208 0.15236115],[0.56220508 0.30027367]
[0.26158718 0.12906658],[0.6592363  0.15210251],[0.56196273 0.30000177]
[0.26137377 0.1288268 ],[0.65902026 0.15184357],[0.56172009 0.29972956]
[0.2611601  0.12858675],[0.65880398 0.15158432],[0.56147719 0.29945703]
[0.26094618 0.12834642],[0.65858745 0.15132478],[0.561234   0.29918418]
[0.260732  0.1281058],[0.65837067 0.15106494],[0.56099054 0.29891102]
[0.26051757 0.12786491],[0.65815365 0.1508048 ],[0.56074681 0.29863754]
[0.26030287 0.12762374],[0.65793638 0.15054436],[0.5605028  0.29836375]
[0.26008792 0.12738229],[0.65771886 0.15028361],[0.56025851 0.29808965]
[0.25987272 0.12714056],[0.65750109 0.15002257],[0.56001395 0.29781522]
[0.25965726 0.12689856],[0.65728308 0.14976123],[0.55976911 0.29754049]
[0.25944154 0.12665627],[0.65706482 0.14949959],[0.559524   0.29726543]
[0.25922556 0.12641371],[0.65684632 0.14923765],[0.55927862 0.29699007]
[0.25900933 0.12617086],[0.65662757 0.14897541],[0.55903295 0.29671438]
[0.25879284 0.12592774],[0.65640857 0.14871287],[0.55878702 0.29643839]
[0.25857609 0.12568434],[0.65618932 0.14845003],[0.5585408  0.29616207]
[0.25835909 0.12544066],[0.65596983 0.1481869 ],[0.55829431 0.29588545]
[0.25814183 0.1251967 ],[0.65575009 0.14792346],[0.55804755 0.29560851]
[0.25792431 0.12495246],[0.65553011 0.14765972],[0.55780051 0.29533125]
[0.25770654 0.12470795],[0.65530988 0.14739569],[0.5575532  0.29505368]
[0.25748851 0.12446315],[0.6550894  0.14713135],[0.55730561 0.29477579]
[0.25727023 0.12421808],[0.65486867 0.14686672],[0.55705775 0.29449759]
[0.25705168 0.12397273],[0.6546477  0.14660178],[0.55680961 0.29421907]
[0.25683288 0.1237271 ],[0.65442649 0.14633655],[0.5565612  0.29394024]
[0.25661383 0.12348119],[0.65420502 0.14607102],[0.55631252 0.2936611 ]
[0.25639452 0.123235  ],[0.65398331 0.14580519],[0.55606356 0.29338164]
[0.25617495 0.12298854],[0.65376136 0.14553906],[0.55581432 0.29310187]
[0.25595512 0.12274179],[0.65353915 0.14527263],[0.55556481 0.29282178]
[0.25573504 0.12249477],[0.65331671 0.1450059 ],[0.55531503 0.29254138]
[0.2555147  0.12224747],[0.65309401 0.14473888],[0.55506497 0.29226066]
[0.25529411 0.12199989],[0.65287107 0.14447155],[0.55481464 0.29197963]
[0.25507325 0.12175204],[0.65264789 0.14420393],[0.55456403 0.29169829]
[0.25485215 0.1215039 ],[0.65242445 0.14393601],[0.55431315 0.29141663]
[0.25463078 0.12125549],[0.65220078 0.14366779],[0.55406199 0.29113465]
[0.25440916 0.1210068 ],[0.65197685 0.14339927],[0.55381056 0.29085237]
[0.25418728 0.12075783],[0.65175268 0.14313045],[0.55355886 0.29056976]
[0.25396515 0.12050858],[0.65152827 0.14286134],[0.55330688 0.29028685]
[0.25374276 0.12025905],[0.65130361 0.14259192],[0.55305463 0.29000362]
[0.25352011 0.12000925],[0.6510787  0.14232221],[0.55280211 0.28972008]
[0.25329721 0.11975917],[0.65085355 0.1420522 ],[0.55254931 0.28943622]
[0.25307405 0.11950881],[0.65062815 0.14178189],[0.55229624 0.28915205]
[0.25285063 0.11925817],[0.65040251 0.14151128],[0.55204289 0.28886756]
[0.25262696 0.11900726],[0.65017662 0.14124038],[0.55178927 0.28858277]
[0.25240303 0.11875607],[0.64995049 0.14096917],[0.55153538 0.28829765]
[0.25217885 0.1185046 ],[0.64972411 0.14069767],[0.55128122 0.28801223]
[0.25195441 0.11825285],[0.64949748 0.14042587],[0.55102678 0.28772649]
[0.25172971 0.11800082],[0.64927061 0.14015377],[0.55077206 0.28744044]
[0.25150475 0.11774852],[0.6490435  0.13988138],[0.55051708 0.28715407]
[0.25127954 0.11749594],[0.64881614 0.13960868],[0.55026182 0.28686739]
[0.25105408 0.11724308],[0.64858854 0.13933569],[0.55000628 0.2865804 ]
[0.25082835 0.11698994],[0.64836069 0.1390624 ],[0.54975048 0.28629309]
[0.25060237 0.11673653],[0.64813259 0.13878882],[0.5494944  0.28600547]
[0.25037614 0.11648284],[0.64790425 0.13851493],[0.54923805 0.28571754]
[0.25014964 0.11622887],[0.64767567 0.13824075],[0.54898142 0.28542929]
[0.2499229  0.11597463],[0.64744684 0.13796627],[0.54872453 0.28514073]
[0.24969589 0.1157201 ],[0.64721776 0.1376915 ],[0.54846736 0.28485186]
[0.24946863 0.1154653 ],[0.64698844 0.13741642],[0.54820991 0.28456267]
[0.24924111 0.11521022],[0.64675888 0.13714105],[0.5479522  0.28427317]
[0.24901334 0.11495487],[0.64652907 0.13686538],[0.54769421 0.28398336]
[0.24878531 0.11469924],[0.64629902 0.13658941],[0.54743595 0.28369324]
[0.24855702 0.11444333],[0.64606872 0.13631315],[0.54717741 0.2834028 ]
[0.24832848 0.11418714],[0.64583818 0.13603659],[0.54691861 0.28311205]
[0.24809968 0.11393067],[0.64560739 0.13575973],[0.54665953 0.28282099]
[0.24787063 0.11367393],[0.64537636 0.13548258],[0.54640018 0.28252961]
[0.24764132 0.11341692],[0.64514508 0.13520512],[0.54614056 0.28223792]
[0.24741175 0.11315962],[0.64491356 0.13492737],[0.54588066 0.28194592]
[0.24718193 0.11290205],[0.6446818  0.13464933],[0.54562049 0.28165361]
[0.24695185 0.1126442 ],[0.64444979 0.13437099],[0.54536005 0.28136098]
[0.24672152 0.11238607],[0.64421754 0.13409235],[0.54509934 0.28106804]
[0.24649093 0.11212767],[0.64398504 0.13381341],[0.54483836 0.28077479]
[0.24626008 0.11186899],[0.6437523  0.13353418],[0.5445771  0.28048122]
[0.24602898 0.11161003],[0.64351932 0.13325464],[0.54431558 0.28018735]
[0.24579762 0.1113508 ],[0.64328609 0.13297482],[0.54405378 0.27989316]
[0.245566   0.11109129],[0.64305262 0.13269469],[0.54379171 0.27959866]
[0.24533413 0.1108315 ],[0.6428189  0.13241428],[0.54352937 0.27930384]
[0.245102   0.11057144],[0.64258494 0.13213356],[0.54326675 0.27900872]
[0.24486962 0.1103111 ],[0.64235074 0.13185255],[0.54300387 0.27871328]
[0.24463698 0.11005048],[0.64211629 0.13157124],[0.54274071 0.27841753]
[0.24440408 0.10978959],[0.6418816  0.13128963],[0.54247728 0.27812147]
[0.24417093 0.10952842],[0.64164666 0.13100773],[0.54221358 0.27782509]
[0.24393752 0.10926697],[0.64141148 0.13072553],[0.54194961 0.27752841]
[0.24370386 0.10900525],[0.64117606 0.13044304],[0.54168537 0.27723141]
[0.24346994 0.10874325],[0.6409404  0.13016025],[0.54142085 0.2769341 ]
[0.24323577 0.10848098],[0.64070449 0.12987716],[0.54115607 0.27663647]
[0.24300133 0.10821843],[0.64046833 0.12959378],[0.54089101 0.27633854]
[0.24276665 0.1079556 ],[0.64023194 0.1293101 ],[0.54062569 0.2760403 ]
[0.2425317  0.10769249],[0.6399953  0.12902613],[0.54036009 0.27574174]
[0.2422965  0.10742911],[0.63975842 0.12874186],[0.54009422 0.27544287]
[0.24206105 0.10716546],[0.63952129 0.12845729],[0.53982808 0.27514369]
[0.24182534 0.10690152],[0.63928392 0.12817243],[0.53956167 0.2748442 ]
[0.24158937 0.10663731],[0.63904631 0.12788727],[0.53929499 0.27454439]
[0.24135315 0.10637283],[0.63880846 0.12760182],[0.53902804 0.27424428]
[0.24111667 0.10610807],[0.63857036 0.12731607],[0.53876081 0.27394385]
[0.24087993 0.10584303],[0.63833202 0.12703002],[0.53849332 0.27364311]
[0.24064294 0.10557772],[0.63809344 0.12674368],[0.53822556 0.27334206]
[0.2404057  0.10531213],[0.63785461 0.12645705],[0.53795752 0.2730407 ]
[0.24016819 0.10504626],[0.63761554 0.12617012],[0.53768922 0.27273903]
[0.23993043 0.10478012],[0.63737623 0.12588289],[0.53742064 0.27243705]
[0.23969242 0.1045137 ],[0.63713667 0.12559537],[0.5371518  0.27213475]
[0.23945415 0.10424701],[0.63689688 0.12530756],[0.53688269 0.27183215]
[0.23921562 0.10398004],[0.63665684 0.12501944],[0.5366133  0.27152923]
[0.23897684 0.10371279],[0.63641656 0.12473104],[0.53634365 0.271226  ]
[0.2387378  0.10344527],[0.63617603 0.12444233],[0.53607372 0.27092247]
[0.23849851 0.10317748],[0.63593526 0.12415334],[0.53580353 0.27061862]
[0.23825896 0.10290941],[0.63569425 0.12386405],[0.53553306 0.27031446]
[0.23801916 0.10264106],[0.635453   0.12357446],[0.53526233 0.27000999]
[0.2377791  0.10237244],[0.63521151 0.12328458],[0.53499132 0.26970521]
[0.23753878 0.10210354],[0.63496977 0.1229944 ],[0.53472005 0.26940011]
[0.23729821 0.10183436],[0.63472779 0.12270393],[0.53444851 0.26909471]
[0.23705738 0.10156491],[0.63448557 0.12241316],[0.53417669 0.268789  ]
[0.23681629 0.10129519],[0.63424311 0.1221221 ],[0.53390461 0.26848297]
[0.23657495 0.10102519],[0.6340004  0.12183075],[0.53363226 0.26817664]
[0.23633336 0.10075491],[0.63375746 0.1215391 ],[0.53335964 0.26786999]
[0.2360915  0.10048436],[0.63351427 0.12124716],[0.53308675 0.26756304]
[0.2358494  0.10021353],[0.63327084 0.12095492],[0.53281359 0.26725577]
[0.23560703 0.09994243],[0.63302717 0.12066238],[0.53254016 0.2669482 ]
[0.23536441 0.09967105],[0.63278325 0.12036956],[0.53226646 0.26664031]
[0.23512154 0.0993994 ],[0.63253909 0.12007644],[0.5319925  0.26633212]
[0.23487841 0.09912747],[0.6322947  0.11978302],[0.53171826 0.26602361]
[0.23463502 0.09885527],[0.63205006 0.11948931],[0.53144376 0.2657148 ]
[0.23439138 0.09858279],[0.63180518 0.11919531],[0.53116898 0.26540567]
[0.23414748 0.09831003],[0.63156005 0.11890101],[0.53089394 0.26509623]
[0.23390333 0.09803701],[0.63131469 0.11860642],[0.53061863 0.26478649]
[0.23367595 0.09778275],[0.53202932 0.26445219],[0.63039823 0.11880044]
[0.23343131 0.09750919],[0.53214659 0.2643478 ],[0.63019419 0.11871733]
[0.2331864  0.09723536],[0.53226359 0.2642431 ],[0.62998991 0.11863394]
[0.23294124 0.09696125],[0.53238033 0.2641381 ],[0.62978539 0.11855025]
[0.23269583 0.09668686],[0.53249679 0.26403278],[0.62958063 0.11846627]
[0.23245016 0.0964122 ],[0.532613   0.26392716],[0.62937563 0.11838199]
[0.23220423 0.09613727],[0.53272893 0.26382123],[0.62917038 0.11829742]
[0.23195805 0.09586206],[0.5328446 0.263715 ],[0.62896489 0.11821256]
[0.23171161 0.09558658],[0.53296001 0.26360845],[0.62875916 0.1181274 ]
[0.23146492 0.09531082],[0.53307514 0.26350159],[0.62855319 0.11804195]
[0.23121797 0.09503478],[0.53319001 0.26339443],[0.62834697 0.11795621]
[0.23097076 0.09475847],[0.53330462 0.26328696],[0.62814052 0.11787017]
[0.2307233  0.09448189],[0.53341896 0.26317918],[0.62793382 0.11778384]
[0.23047559 0.09420503],[0.53353303 0.26307109],[0.62772687 0.11769721]
[0.23022762 0.0939279 ],[0.53364684 0.26296269],[0.62751969 0.11761029]
[0.22997939 0.09365049],[0.53376038 0.26285399],[0.62731226 0.11752308]
[0.2297309  0.09337281],[0.53387365 0.26274497],[0.62710459 0.11743558]
[0.22948216 0.09309485],[0.53398666 0.26263565],[0.62689668 0.11734778]
[0.22923317 0.09281662],[0.53409941 0.26252602],[0.62668853 0.11725968]
[0.22898392 0.09253812],[0.53421188 0.26241608],[0.62648013 0.1171713 ]
[0.22873441 0.09225934],[0.53432409 0.26230584],[0.6262715  0.11708262]
[0.22848465 0.09198028],[0.53443604 0.26219528],[0.62606262 0.11699365]
[0.22823463 0.09170095],[0.53454772 0.26208442],[0.62585349 0.11690438]
[0.22798436 0.09142135],[0.53465913 0.26197325],[0.62564413 0.11681482]
[0.22773383 0.09114147],[0.53477027 0.26186177],[0.62543452 0.11672497]
[0.22748304 0.09086132],[0.53488116 0.26174998],[0.62522468 0.11663482]
[0.227232   0.09058089],[0.53499177 0.26163789],[0.62501459 0.11654438]
[0.22698071 0.09030019],[0.53510212 0.26152548],[0.62480426 0.11645365]
[0.22672915 0.09001922],[0.5352122  0.26141277],[0.62459368 0.11636262]
[0.22647735 0.08973797],[0.53532202 0.26129975],[0.62438287 0.1162713 ]
[0.22622528 0.08945644],[0.53543157 0.26118642],[0.62417181 0.11617969]
[0.22597296 0.08917464],[0.53554086 0.26107279],[0.62396051 0.11608779]
[0.22572039 0.08889257],[0.53564988 0.26095884],[0.62374897 0.11599559]
[0.22546756 0.08861023],[0.53575863 0.26084459],[0.62353719 0.1159031 ]
[0.22521447 0.0883276 ],[0.53586712 0.26073003],[0.62332516 0.11581031]
[0.22496113 0.08804471],[0.53597534 0.26061516],[0.62311289 0.11571724]
[0.22470753 0.08776154],[0.5360833  0.26049998],[0.62290039 0.11562387]
[0.22445367 0.0874781 ],[0.53619099 0.26038449],[0.62268764 0.1155302 ]
[0.22419956 0.08719438],[0.53629841 0.2602687 ],[0.62247464 0.11543625]
[0.2239452  0.08691039],[0.53640557 0.2601526 ],[0.62226141 0.115342  ]
[0.22369058 0.08662613],[0.53651247 0.26003619],[0.62204794 0.11524746]
[0.2234357  0.08634159],[0.53661909 0.25991947],[0.62183422 0.11515262]
[0.22318057 0.08605678],[0.53672546 0.25980245],[0.62162026 0.1150575 ]
[0.22292518 0.08577169],[0.53683155 0.25968511],[0.62140606 0.11496208]
[0.22266954 0.08548633],[0.53693738 0.25956747],[0.62119162 0.11486636]
[0.22241364 0.0852007 ],[0.53704295 0.25944952],[0.62097694 0.11477036]
[0.22215748 0.08491479],[0.53714825 0.25933126],[0.62076201 0.11467406]
[0.22190107 0.08462861],[0.53725329 0.2592127 ],[0.62054685 0.11457747]
[0.2216444  0.08434215],[0.53735805 0.25909382],[0.62033144 0.11448059]
